Workbook

Sheet 사용법
A1: 트랙2 예선 — 실험 기록 워크북
A2: 2026 모바일공학전공 하반기 학술대회 / 지정주제: KITTI 자율주행 객체 검출
A4: ■ 시트 구성
A5: 측정조건 | B5: 실험 시작 전에 한 번 채운다. 여기 적힌 조건을 모든 실험에 동일하게 적용한다.
A6: 실험로그 | B6: 평가 완료 시 자동 입력. 결과 해석·다음 실험은 사람이 보완. 회색 칸은 수식 유지.
A7: 보고서요약 | B7: 비교할 실험 ID 두 개를 넣으면 보고서용 비교표가 자동으로 만들어진다.
A9: ■ 공지가 정한 평가 지표 (변경 불가)
A10: 1. Moderate AP40 | B10: 공식 주지표. Car / Pedestrian / Cyclist 3클래스의 Moderate AP40 평균
A11: 2. AP40 Drop Rate | B11: 양자화 전후 정확도 하락률 (%). 공지의 핵심 평가 축
A12: 3. 파라미터 수 (M) | B12: 모델 파라미터 개수
A13: 4. FLOPs (G) | B13: 1장 추론 연산량. 팀 전체가 MACs x 2 기준으로 통일한다
A14: 5. 메모리 사용량 (MB) | B14: 전체 프로세스 CPU RSS 피크 (decimal MB). GPU VRAM과 다름.
A15: 6. Latency (ms) | B15: 데스크탑 기준 1장 추론 지연. p50 / p95 함께 기록
A17: ■ 실험 진행 원칙
A18: 원칙 1 | B18: Baseline을 먼저 확정한다. 손대지 않은 모델로 6개 지표를 전부 채운 행이 기준점이 된다.
A19: 원칙 2 | B19: 한 번에 한 가지만 바꾼다. 두 가지를 동시에 바꾸면 어느 쪽 효과인지 알 수 없다.
A20: 원칙 3 | B20: 모든 실험은 eval_val.txt 1,000장 고정 평가셋으로만 측정한다.
A21: 원칙 4 | B21: 속도/메모리는 지정한 PC 1대에서만 측정한다. 다른 PC 결과는 이 표에 넣지 않는다.
A22: 원칙 5 | B22: 가설을 먼저 적고 실험한다. 결과가 예상과 달라도 그대로 기록한다 (그 자체가 보고서 재료).
A24: ■ AP40 입력 시 주의
A25: 스케일 | B25: KITTI 공식 평가 코드가 출력하는 0~100 스케일 그대로 입력한다 (예: 72.45). 0~1 로 넣지 말 것.
A26: 평가 코드 | B26: KITTI 2D AP40 구현을 사용. 주최 측 채점기 최종 대조 전. model.val() mAP와 다름.
A27: 난이도 | B27: Moderate 난이도 결과만 입력한다 (Easy/Hard 는 참고용으로 비고란에 기록).
A29: ■ 셀 색상 규칙
A30: 파란 글씨 + 노란 배경 | B30: 직접 입력하는 칸
A31: 검정 글씨 + 회색 배경 | B31: 자동 계산되는 칸 (건드리지 말 것)
A32: 연두색 행 | B32: 작성 예시. 실제 실험을 시작하면 지우고 사용한다

Sheet 측정조건
A1: 측정 조건 고정표
A2: 실험 시작 전에 채우고, 이후 변경하지 않는다. 변경할 경우 그 이전 실험 결과는 비교 대상에서 제외한다.
A4: 데이터셋
A5: 평가셋 | B5: eval_val.txt (1,000장 고정) | C5: 공지 지정. 변경 불가
A6: 평가셋 검증 | B6: OK | C6: 1,000개 인덱스가 모두 존재하는지 확인했으면 OK 입력
A7: 학습셋 장수 | B7: 5833 | C7: 내부 검증 648장 별도; 고정 평가 1,000장 제외
A8: 데이터셋 출처 | B8: KITTI 원본 image_2 / label_2 | C8: cvlibs 공식 data_object_image_2.zip + data_object_label_2.zip
A9: 클래스 | B9: Car / Pedestrian / Cyclist | C9: 공지 지정 3클래스
A11: 전처리
A12: 입력 해상도 | B12: 640 x 640 | C12: 예: 1280x384 또는 640x192 (가로 1280 이하, 32의 배수)
A13: 리사이즈 방식 | B13: letterbox (rect=False) | C13: letterbox / 직접 resize 중 택1. 전 실험 동일하게
A14: 패딩 색상 | B14: 114 | C14: letterbox 사용 시
A15: 정규화 | B15: RGB / 255 (0~1) | C15: 0~1 스케일 / mean-std 중 택1
A17: 추론 설정
A18: batch size | B18: 1 | C18: 엣지 배포 조건과 동일하게
A19: confidence threshold | B19: 0.001 | C19: AP 계산용. 데모용 0.25와 혼용 금지
A20: NMS IoU threshold | B20: 0.7 | C20: 고정 후 보고서에 명시
A21: max detections | B21: 300
A23: 속도 측정
A24: warm-up 횟수 | B24: 50 | C24: 결과 폐기
A25: 측정 반복 횟수 | B25: 500 | C25: 고정 목록 앞 500장 순환; 전처리+추론+NMS 포함
A26: 동기화 | B26: CPU 동기 실행 | C26: 없으면 커널 큐잉 시간만 측정됨
A27: 기록 항목 | B27: p50 / p95 / 평균 분리 기록 | C27: E2E는 디스크/디코딩 포함 평균, Memory는 CPU RSS(decimal MB)
A29: 측정 환경 (1대 고정)
A30: 측정 담당 PC | B30: DESKTOP-B29DLEA | C30: 여기 적힌 PC에서만 속도/메모리 측정
A31: CPU | B31: Intel64 Family 6 Model 198 Stepping 2, GenuineIntel
A32: GPU | B32: NVIDIA GeForce RTX 5070 Ti Laptop GPU
A33: RAM | B33: 33753 MB
A34: OS | B34: Windows-11-10.0.26200-SP0
A35: CUDA 버전 | B35: 12.8
A36: PyTorch 버전 | B36: 2.11.0+cu128 | C36: 학습 GPU 0 / 추론 CPU, FP32, 1 thread
A38: 재현성
A39: 랜덤 시드 | B39: 42 | C39: 학습 seed=42, 평가 seed=0
A40: FLOPs 정의 | B40: MACs x 2 | C40: 팀 전체 통일. 안 맞추면 정확히 2배 차이남
A41: Git 저장소
A42: train/val 파일목록 커밋 | C42: 파일 목록·해시는 실험 폴더에 저장; Git 커밋은 별도

Sheet 실험로그
A1: 실험 로그
A2: 실험 1회 = 1행. 파란 글씨 칸만 입력하고 회색 칸(Moderate AP40, Drop Rate, FPS)은 자동 계산된다. AP40은 KITTI 공식 평가 코드의 0~100 스케일 그대로 입력한다.
A4: 실험ID | B4: 날짜 | C4: 담당자 | D4: 변경 내용 (한 번에 하나) | E4: 기준 실험ID | F4: 가설 | G4: 모델 | H4: 입력 W | I4: 입력 H | J4: 정밀도 | K4: Epoch | L4: Params (M) | M4: FLOPs (G) | N4: 모델크기 (MB) | O4: AP40 Car | P4: AP40 Ped | Q4: AP40 Cyc | R4: AP40 Moderate | S4: Drop Rate (%) | T4: Latency p50 (ms) | U4: Latency p95 (ms) | V4: E2E (ms) | W4: FPS | X4: Memory (MB) | Y4: 측정 PC | Z4: 결과 해석 | AA4: 다음 실험 | AB4: 상태
A5: exp001 | B5: 2026-09-22 | C5: 김수완 | D5: (없음) 손대지 않은 원본 — Baseline | F5: 기준점 확보. 이후 모든 실험은 이 행과 비교한다. | G5: YOLOv8n | H5: 1280 | I5: 384 | J5: FP32 | K5: 100 | L5: 3.2 | M5: 8.7 | N5: 12.6 | O5: 72.4 | P5: 48.1 | Q5: 55.3 | R5: =IFERROR(AVERAGE(O5,P5,Q5),"") -> 58.6 | S5: =IF(E5="","",IFERROR((INDEX($R$5:$R$64,MATCH(E5,$A$5:$A$64,0))-R5)/INDEX($R$5:$R$64,MATCH(E5,$A$5:$A$64,0))*100,"")) | T5: 12.4 | U5: 14.8 | V5: 18.2 | W5: =IFERROR(1000/T5,"") -> 80.645161 | X5: 1840 | Y5: PC-A | Z5: 예시 행입니다. 실제 실험 시작 시 이 행을 지우고 사용하세요. | AA5: P5 제거 후 속도/AP 변화 측정 | AB5: 예시
A6: nano_quant01_q_fp32 | B6: 46293.815 | C6: 양승환 | D6: Nano 양자화 Baseline | F6: 양자화 전후 AP40 및 실행 비용 비교 | G6: yolov8n_baseline.yaml | H6: 640 | I6: 640 | J6: FP32 | K6: 3 | L6: 3.011433 | M6: 8.1938432 | N6: 12.256346 | O6: 44.122532 | P6: 14.301728 | Q6: 0.72735034 | R6: =AVERAGE(O6:Q6) -> 19.717203 | S6: ="" | T6: 79.8778 | U6: 86.041235 | V6: 85.667407 | W6: =IF(T6=0,"",1000/T6) -> 12.519123 | X6: 747.22509 | Y6: DESKTOP-B29DLEA | Z6: ONNX Runtime 1.30.0; ONNX 파일 크기; 원본 구조 Params/FLOPs; CPU RSS; 주최 대조 전 | AB6: 평가 완료
A7: nano_quant01_q_int8 | B7: 46293.818 | C7: 양승환 | D7: Nano 양자화 Baseline | E7: nano_quant01_q_fp32 | F7: 양자화 전후 AP40 및 실행 비용 비교 | G7: yolov8n_baseline.yaml | H7: 640 | I7: 640 | J7: INT8_QDQ | K7: 3 | L7: 3.011433 | M7: 8.1938432 | N7: 3.449667 | O7: 42.160528 | P7: 12.723083 | Q7: 0.54522902 | R7: =AVERAGE(O7:Q7) -> 18.47628 | S7: =IF(R6=0,"",(R6-R7)/R6*100) -> 6.2936083 | T7: 107.8352 | U7: 116.37946 | V7: 114.12309 | W7: =IF(T7=0,"",1000/T7) -> 9.2734098 | X7: 752.52941 | Y7: DESKTOP-B29DLEA | Z7: ONNX Runtime 1.30.0; ONNX 파일 크기; 원본 구조 Params/FLOPs; CPU RSS; 주최 대조 전 | AB7: 평가 완료
A8: medium_quant01_q_fp32 | B8: 46294.197 | C8: 양승환 | D8: Medium 양자화 Baseline | F8: 양자화 전후 AP40 및 실행 비용 비교 | G8: yolov8m_baseline.yaml | H8: 640 | I8: 640 | J8: FP32 | K8: 100 | L8: 25.858057 | M8: 79.065293 | N8: 103.61495 | O8: 98.360714 | P8: 86.854491 | Q8: 91.677572 | R8: =AVERAGE(O8:Q8) -> 92.297592 | S8: ="" | T8: 551.31375 | U8: 558.90964 | V8: 557.86929 | W8: =IF(T8=0,"",1000/T8) -> 1.8138492 | X8: 895.68461 | Y8: DESKTOP-B29DLEA | Z8: ONNX Runtime 1.30.0; ONNX 파일 크기; 원본 구조 Params/FLOPs; CPU RSS; 주최 대조 전 | AB8: 평가 완료
A9: medium_quant01_q_int8 | B9: 46294.21 | C9: 양승환 | D9: Medium 양자화 Baseline | E9: medium_quant01_q_fp32 | F9: 양자화 전후 AP40 및 실행 비용 비교 | G9: yolov8m_baseline.yaml | H9: 640 | I9: 640 | J9: INT8_QDQ | K9: 100 | L9: 25.858057 | M9: 79.065293 | N9: 26.526184 | O9: 93.164628 | P9: 82.729566 | Q9: 88.157341 | R9: =AVERAGE(O9:Q9) -> 88.017178 | S9: =IF(R8=0,"",(R8-R9)/R8*100) -> 4.637623 | T9: 670.1809 | U9: 1036.6444 | V9: 770.62931 | W9: =IF(T9=0,"",1000/T9) -> 1.4921344 | X9: 873.13613 | Y9: DESKTOP-B29DLEA | Z9: ONNX Runtime 1.30.0; ONNX 파일 크기; 원본 구조 Params/FLOPs; CPU RSS; 주최 대조 전 | AB9: 평가 완료
A10: yolov8n_baseline_quant01_q_fp32 | B10: 46294.28 | C10: 양승환 | D10: yolov8n_baseline 양자화 Baseline | F10: 양자화 전후 AP40 및 실행 비용 비교 | G10: yolov8n_baseline.yaml | H10: 640 | I10: 640 | J10: FP32 | K10: 100 | L10: 3.011433 | M10: 8.1938432 | N10: 12.256346 | O10: 96.354496 | P10: 79.659126 | Q10: 85.693316 | R10: =AVERAGE(O10:Q10) -> 87.235646 | S10: ="" | T10: 97.9566 | U10: 102.04231 | V10: 106.85156 | W10: =IF(T10=0,"",1000/T10) -> 10.208603 | X10: 686.55104 | Y10: DESKTOP-B29DLEA | Z10: ONNX Runtime 1.30.0; ONNX 파일 크기; 원본 구조 Params/FLOPs; CPU RSS; 주최 대조 전 | AB10: 평가 완료
A11: yolov8n_baseline_quant01_q_int8 | B11: 46294.283 | C11: 양승환 | D11: yolov8n_baseline 양자화 Baseline | E11: yolov8n_baseline_quant01_q_fp32 | F11: 양자화 전후 AP40 및 실행 비용 비교 | G11: yolov8n_baseline.yaml | H11: 640 | I11: 640 | J11: INT8_QDQ | K11: 100 | L11: 3.011433 | M11: 8.1938432 | N11: 3.449667 | O11: 93.87255 | P11: 74.56058 | Q11: 82.092267 | R11: =AVERAGE(O11:Q11) -> 83.508466 | S11: =IF(R10=0,"",(R10-R11)/R10*100) -> 4.2725425 | T11: 141.0541 | U11: 145.29136 | V11: 149.83947 | W11: =IF(T11=0,"",1000/T11) -> 7.0894784 | X11: 690.62656 | Y11: DESKTOP-B29DLEA | Z11: ONNX Runtime 1.30.0; ONNX 파일 크기; 원본 구조 Params/FLOPs; CPU RSS; 주최 대조 전 | AB11: 평가 완료
A12: yolov8s_baseline_quant01_q_fp32 | B12: 46294.394 | C12: 양승환 | D12: yolov8s_baseline 양자화 Baseline | F12: 양자화 전후 AP40 및 실행 비용 비교 | G12: yolov8s_baseline.yaml | H12: 640 | I12: 640 | J12: FP32 | K12: 100 | L12: 11.136761 | M12: 28.646349 | N12: 44.738553 | O12: 97.684295 | P12: 84.66248 | Q12: 90.960504 | R12: =AVERAGE(O12:Q12) -> 91.102426 | S12: ="" | T12: 305.69385 | U12: 310.18841 | V12: 314.13228 | W12: =IF(T12=0,"",1000/T12) -> 3.2712467 | X12: 773.26336 | Y12: DESKTOP-B29DLEA | Z12: ONNX Runtime 1.30.0; ONNX 파일 크기; 원본 구조 Params/FLOPs; CPU RSS; 주최 대조 전 | AB12: 평가 완료
A13: yolov8s_baseline_quant01_q_int8 | B13: 46294.401 | C13: 양승환 | D13: yolov8s_baseline 양자화 Baseline | E13: yolov8s_baseline_quant01_q_fp32 | F13: 양자화 전후 AP40 및 실행 비용 비교 | G13: yolov8s_baseline.yaml | H13: 640 | I13: 640 | J13: INT8_QDQ | K13: 100 | L13: 11.136761 | M13: 28.646349 | N13: 11.64753 | O13: 95.18345 | P13: 82.214196 | Q13: 87.344028 | R13: =AVERAGE(O13:Q13) -> 88.247225 | S13: =IF(R12=0,"",(R12-R13)/R12*100) -> 3.1340567 | T13: 404.6292 | U13: 409.93723 | V13: 412.86951 | W13: =IF(T13=0,"",1000/T13) -> 2.4713985 | X13: 763.6009 | Y13: DESKTOP-B29DLEA | Z13: ONNX Runtime 1.30.0; ONNX 파일 크기; 원본 구조 Params/FLOPs; CPU RSS; 주최 대조 전 | AB13: 평가 완료
R14: =AVERAGE(O14:Q14) -> #DIV/0! | S14: ="" | W14: =IF(T14=0,"",1000/T14)
R15: =AVERAGE(O15:Q15) -> #DIV/0! | S15: ="" | W15: =IF(T15=0,"",1000/T15)
R16: =AVERAGE(O16:Q16) -> #DIV/0! | S16: ="" | W16: =IF(T16=0,"",1000/T16)
R17: =AVERAGE(O17:Q17) -> #DIV/0! | S17: ="" | W17: =IF(T17=0,"",1000/T17)
R18: =AVERAGE(O18:Q18) -> #DIV/0! | S18: ="" | W18: =IF(T18=0,"",1000/T18)
R19: =AVERAGE(O19:Q19) -> #DIV/0! | S19: ="" | W19: =IF(T19=0,"",1000/T19)
R20: =AVERAGE(O20:Q20) -> #DIV/0! | S20: ="" | W20: =IF(T20=0,"",1000/T20)
R21: =AVERAGE(O21:Q21) -> #DIV/0! | S21: ="" | W21: =IF(T21=0,"",1000/T21)
R22: =AVERAGE(O22:Q22) -> #DIV/0! | S22: ="" | W22: =IF(T22=0,"",1000/T22)
R23: =AVERAGE(O23:Q23) -> #DIV/0! | S23: ="" | W23: =IF(T23=0,"",1000/T23)
R24: =AVERAGE(O24:Q24) -> #DIV/0! | S24: ="" | W24: =IF(T24=0,"",1000/T24)
R25: =AVERAGE(O25:Q25) -> #DIV/0! | S25: ="" | W25: =IF(T25=0,"",1000/T25)
... R41: =AVERAGE(O41:Q41) -> #DIV/0! | S41: ="" | W41: =IF(T41=0,"",1000/T41)
R42: =IFERROR(AVERAGE(O42,P42,Q42),"") | S42: =IF(E42="","",IFERROR((INDEX($R$5:$R$64,MATCH(E42,$A$5:$A$64,0))-R42)/INDEX($R$5:$R$64,MATCH(E42,$A$5:$A$64,0))*100,"")) | W42: =IFERROR(1000/T42,"")
R43: =IFERROR(AVERAGE(O43,P43,Q43),"") | S43: =IF(E43="","",IFERROR((INDEX($R$5:$R$64,MATCH(E43,$A$5:$A$64,0))-R43)/INDEX($R$5:$R$64,MATCH(E43,$A$5:$A$64,0))*100,"")) | W43: =IFERROR(1000/T43,"")
R44: =IFERROR(AVERAGE(O44,P44,Q44),"") | S44: =IF(E44="","",IFERROR((INDEX($R$5:$R$64,MATCH(E44,$A$5:$A$64,0))-R44)/INDEX($R$5:$R$64,MATCH(E44,$A$5:$A$64,0))*100,"")) | W44: =IFERROR(1000/T44,"")
R45: =IFERROR(AVERAGE(O45,P45,Q45),"") | S45: =IF(E45="","",IFERROR((INDEX($R$5:$R$64,MATCH(E45,$A$5:$A$64,0))-R45)/INDEX($R$5:$R$64,MATCH(E45,$A$5:$A$64,0))*100,"")) | W45: =IFERROR(1000/T45,"")
R46: =IFERROR(AVERAGE(O46,P46,Q46),"") | S46: =IF(E46="","",IFERROR((INDEX($R$5:$R$64,MATCH(E46,$A$5:$A$64,0))-R46)/INDEX($R$5:$R$64,MATCH(E46,$A$5:$A$64,0))*100,"")) | W46: =IFERROR(1000/T46,"")
R47: =IFERROR(AVERAGE(O47,P47,Q47),"") | S47: =IF(E47="","",IFERROR((INDEX($R$5:$R$64,MATCH(E47,$A$5:$A$64,0))-R47)/INDEX($R$5:$R$64,MATCH(E47,$A$5:$A$64,0))*100,"")) | W47: =IFERROR(1000/T47,"")
R48: =IFERROR(AVERAGE(O48,P48,Q48),"") | S48: =IF(E48="","",IFERROR((INDEX($R$5:$R$64,MATCH(E48,$A$5:$A$64,0))-R48)/INDEX($R$5:$R$64,MATCH(E48,$A$5:$A$64,0))*100,"")) | W48: =IFERROR(1000/T48,"")
R49: =IFERROR(AVERAGE(O49,P49,Q49),"") | S49: =IF(E49="","",IFERROR((INDEX($R$5:$R$64,MATCH(E49,$A$5:$A$64,0))-R49)/INDEX($R$5:$R$64,MATCH(E49,$A$5:$A$64,0))*100,"")) | W49: =IFERROR(1000/T49,"")
R50: =IFERROR(AVERAGE(O50,P50,Q50),"") | S50: =IF(E50="","",IFERROR((INDEX($R$5:$R$64,MATCH(E50,$A$5:$A$64,0))-R50)/INDEX($R$5:$R$64,MATCH(E50,$A$5:$A$64,0))*100,"")) | W50: =IFERROR(1000/T50,"")
R51: =IFERROR(AVERAGE(O51,P51,Q51),"") | S51: =IF(E51="","",IFERROR((INDEX($R$5:$R$64,MATCH(E51,$A$5:$A$64,0))-R51)/INDEX($R$5:$R$64,MATCH(E51,$A$5:$A$64,0))*100,"")) | W51: =IFERROR(1000/T51,"")
R52: =IFERROR(AVERAGE(O52,P52,Q52),"") | S52: =IF(E52="","",IFERROR((INDEX($R$5:$R$64,MATCH(E52,$A$5:$A$64,0))-R52)/INDEX($R$5:$R$64,MATCH(E52,$A$5:$A$64,0))*100,"")) | W52: =IFERROR(1000/T52,"")
R53: =IFERROR(AVERAGE(O53,P53,Q53),"") | S53: =IF(E53="","",IFERROR((INDEX($R$5:$R$64,MATCH(E53,$A$5:$A$64,0))-R53)/INDEX($R$5:$R$64,MATCH(E53,$A$5:$A$64,0))*100,"")) | W53: =IFERROR(1000/T53,"")
... R64: =IFERROR(AVERAGE(O64,P64,Q64),"") | S64: =IF(E64="","",IFERROR((INDEX($R$5:$R$64,MATCH(E64,$A$5:$A$64,0))-R64)/INDEX($R$5:$R$64,MATCH(E64,$A$5:$A$64,0))*100,"")) | W64: =IFERROR(1000/T64,"")

Sheet 보고서요약
A1: 보고서용 비교표
A2: 아래 두 칸에 비교할 실험ID를 입력하면 실험로그에서 자동으로 값을 가져온다.
A4: 기준 실험ID (Baseline) | B4: yolov8s_baseline_quant01_q_fp32
A5: 비교 실험ID (최적화) | B5: yolov8s_baseline_quant01_q_int8
A7: 지표 | B7: Baseline | C7: 최적화 | D7: 변화 | E7: 판단 기준
A8: AP40 Moderate | B8: =IFERROR(INDEX(실험로그!$R$5:$R$64,MATCH($B$4,실험로그!$A$5:$A$64,0)),"") -> 91.102426 | C8: =IFERROR(INDEX(실험로그!$R$5:$R$64,MATCH($B$5,실험로그!$A$5:$A$64,0)),"") -> 88.247225 | D8: =IFERROR((C8-B8)/B8*100,"") -> -3.1340567 | E8: 공식 주지표. 손실은 최소화
A9: AP40 Car | B9: =IFERROR(INDEX(실험로그!$O$5:$O$64,MATCH($B$4,실험로그!$A$5:$A$64,0)),"") -> 97.684295 | C9: =IFERROR(INDEX(실험로그!$O$5:$O$64,MATCH($B$5,실험로그!$A$5:$A$64,0)),"") -> 95.18345 | D9: =IFERROR((C9-B9)/B9*100,"") -> -2.5601296 | E9: 클래스별 손실 확인용
A10: AP40 Pedestrian | B10: =IFERROR(INDEX(실험로그!$P$5:$P$64,MATCH($B$4,실험로그!$A$5:$A$64,0)),"") -> 84.66248 | C10: =IFERROR(INDEX(실험로그!$P$5:$P$64,MATCH($B$5,실험로그!$A$5:$A$64,0)),"") -> 82.214196 | D10: =IFERROR((C10-B10)/B10*100,"") -> -2.8918172 | E10: 소형 객체. 양자화에 가장 취약
A11: AP40 Cyclist | B11: =IFERROR(INDEX(실험로그!$Q$5:$Q$64,MATCH($B$4,실험로그!$A$5:$A$64,0)),"") -> 90.960504 | C11: =IFERROR(INDEX(실험로그!$Q$5:$Q$64,MATCH($B$5,실험로그!$A$5:$A$64,0)),"") -> 87.344028 | D11: =IFERROR((C11-B11)/B11*100,"") -> -3.9758756 | E11: 표본 수가 적어 변동 큼
A12: Params (M) | B12: =IFERROR(INDEX(실험로그!$L$5:$L$64,MATCH($B$4,실험로그!$A$5:$A$64,0)),"") -> 11.136761 | C12: =IFERROR(INDEX(실험로그!$L$5:$L$64,MATCH($B$5,실험로그!$A$5:$A$64,0)),"") -> 11.136761 | D12: =IFERROR((C12-B12)/B12*100,"") -> 0 | E12: 작을수록 유리
A13: FLOPs (G) | B13: =IFERROR(INDEX(실험로그!$M$5:$M$64,MATCH($B$4,실험로그!$A$5:$A$64,0)),"") -> 28.646349 | C13: =IFERROR(INDEX(실험로그!$M$5:$M$64,MATCH($B$5,실험로그!$A$5:$A$64,0)),"") -> 28.646349 | D13: =IFERROR((C13-B13)/B13*100,"") -> 0 | E13: MACs x 2 기준
A14: 모델크기 (MB) | B14: =IFERROR(INDEX(실험로그!$N$5:$N$64,MATCH($B$4,실험로그!$A$5:$A$64,0)),"") -> 44.738553 | C14: =IFERROR(INDEX(실험로그!$N$5:$N$64,MATCH($B$5,실험로그!$A$5:$A$64,0)),"") -> 11.64753 | D14: =IFERROR((C14-B14)/B14*100,"") -> -73.96534 | E14: 같은 포맷끼리만 비교
A15: Latency p50 (ms) | B15: =IFERROR(INDEX(실험로그!$T$5:$T$64,MATCH($B$4,실험로그!$A$5:$A$64,0)),"") -> 305.69385 | C15: =IFERROR(INDEX(실험로그!$T$5:$T$64,MATCH($B$5,실험로그!$A$5:$A$64,0)),"") -> 404.6292 | D15: =IFERROR((C15-B15)/B15*100,"") -> 32.364194 | E15: 낮을수록 유리
A16: Latency p95 (ms) | B16: =IFERROR(INDEX(실험로그!$U$5:$U$64,MATCH($B$4,실험로그!$A$5:$A$64,0)),"") -> 310.18841 | C16: =IFERROR(INDEX(실험로그!$U$5:$U$64,MATCH($B$5,실험로그!$A$5:$A$64,0)),"") -> 409.93723 | D16: =IFERROR((C16-B16)/B16*100,"") -> 32.157496 | E16: 안정성 지표
A17: FPS | B17: =IFERROR(INDEX(실험로그!$W$5:$W$64,MATCH($B$4,실험로그!$A$5:$A$64,0)),"") -> 3.2712467 | C17: =IFERROR(INDEX(실험로그!$W$5:$W$64,MATCH($B$5,실험로그!$A$5:$A$64,0)),"") -> 2.4713985 | D17: =IFERROR((C17-B17)/B17*100,"") -> -24.450868 | E17: 1000 / p50
A18: Memory (MB) | B18: =IFERROR(INDEX(실험로그!$X$5:$X$64,MATCH($B$4,실험로그!$A$5:$A$64,0)),"") -> 773.26336 | C18: =IFERROR(INDEX(실험로그!$X$5:$X$64,MATCH($B$5,실험로그!$A$5:$A$64,0)),"") -> 763.6009 | D18: =IFERROR((C18-B18)/B18*100,"") -> -1.2495696 | E18: 낮을수록 유리
A20: ※ '변화' 열은 (최적화 - Baseline) / Baseline x 100 (%). AP40은 양수가 개선, Latency·FLOPs·Params는 음수가 개선이다.

Sheet 양자화비교
A1: 동일 체크포인트의 FP32 / INT8 비교
A2: CPU ONNX Runtime, 동일 1,000장. 유지율=INT8/FP32×100, Drop=(FP32−INT8)/FP32×100. 주최 평가기 대조 전.
A3: 파라미터·FLOPs는 원본 FP32 구조 기준이며 INT8 비트 연산량이 아닙니다. FP32 AP40=0이면 비율은 정의되지 않습니다.
A4: 비교 ID | B4: FP32 평가 ID | C4: INT8 평가 ID | D4: FP32 mAP40 | E4: INT8 mAP40 | F4: 유지율 (%) | G4: Drop Rate (%) | H4: Car ΔAP40 (pp) | I4: Pedestrian ΔAP40 (pp) | J4: Cyclist ΔAP40 (pp) | K4: FP32 p50 (ms) | L4: INT8 p50 (ms) | M4: Latency 감소 (%) | N4: FP32 RSS (MB) | O4: INT8 RSS (MB) | P4: RSS 감소 (%) | Q4: FP32 Params (M) | R4: INT8 Params (M) | S4: FP32 GFLOPs | T4: INT8 GFLOPs | U4: FP32 ONNX (MB) | V4: INT8 ONNX (MB) | W4: 파일 감소 (%) | X4: FP32 p95 (ms) | Y4: INT8 p95 (ms) | Z4: 측정 PC | AA4: 변환 SHA256 | AB4: 측정 조건 | AC4: Δ Params (M) | AD4: Δ GFLOPs
A5: nano_quant01_q | B5: nano_quant01_q_fp32 | C5: nano_quant01_q_int8 | D5: 19.717203 | E5: 18.47628 | F5: =IF(D5=0,"",E5/D5*100) -> 93.706392 | G5: =IF(D5=0,"",(D5-E5)/D5*100) -> 6.2936083 | H5: -1.9620043 | I5: -1.578645 | J5: -0.18212132 | K5: 79.8778 | L5: 107.8352 | M5: =IF(K5=0,"",(K5-L5)/K5*100) -> -35.000213 | N5: 747.22509 | O5: 752.52941 | P5: =IF(N5=0,"",(N5-O5)/N5*100) -> -0.7098691 | Q5: 3.011433 | R5: 3.011433 | S5: 8.1938432 | T5: 8.1938432 | U5: 12.256346 | V5: 3.449667 | W5: =IF(U5=0,"",(U5-V5)/U5*100) -> 71.854034 | X5: 86.041235 | Y5: 116.37946 | Z5: DESKTOP-B29DLEA | AA5: 6e23788277808c455622a01f7e8eff6e3503184e682165ce5c117693b298bb43 | AB5: {"protocol":{"name":"KITTI_2D_Moderate_AP40","classes":["Car","Pedestrian","Cyclist"],"iou":{"Car":0.7,"Pedestrian":0.5,"Cyclist":0.5},"gt_height":">25","detection_height":">=25","max_occlusion":1,"max_truncation":0.3,"ap":"KITTI 41 slots; interpolated precision slots 1..40 averaged; percent","reference":"https://www.cvlibs.net/datasets/kitti/eval_object.php?obj_benchmark=2d"},"data_sha256":"c91bef780f3c5f703ac4ac5123bb431d1482e4aebeea1f57e581b8837d8814f4","count":1000,"imgsz":640,"device":"cpu","threads":1,"conf":0.001,"iou":0.7,"max_det":300,"warmup":50,"benchmark_repetitions":500,"rect":false,"batch":1,"seed":0,"host":"DESKTOP-B29DLEA","platform":"Windows-11-10.0.26200-SP0","processor":"Intel64 Family 6 Model 198 Stepping 2, GenuineIntel","ram_mb":33752.997888,"gpu":"NVIDIA GeForce RTX 5070 Ti Laptop GPU","cuda":"12.8","torch":"2.11.0+cu128","ultralytics":"8.4.158","numpy":"2.5.3","opencv":"5.0.0","evaluator_sha256":"f7b9b203c37a1e272b561f2c5c41fc25f9315b75a20c4b977334c5318bb0454b","backend":"onnxruntime_cpu","onnxruntime":"1.30.0","deployment_sha256":"c79b249021d0ba62ade613aa63ef3dde55bc5a34c3a50157f38092d40212b720"} | AC5: =R5-Q5 -> 0 | AD5: =IF(OR(S5="",T5=""),"",T5-S5) -> 0
A6: medium_quant01_q | B6: medium_quant01_q_fp32 | C6: medium_quant01_q_int8 | D6: 92.297592 | E6: 88.017178 | F6: =IF(D6=0,"",E6/D6*100) -> 95.362377 | G6: =IF(D6=0,"",(D6-E6)/D6*100) -> 4.637623 | H6: -5.1960864 | I6: -4.1249255 | J6: -3.5202312 | K6: 551.31375 | L6: 670.1809 | M6: =IF(K6=0,"",(K6-L6)/K6*100) -> -21.560708 | N6: 895.68461 | O6: 873.13613 | P6: =IF(N6=0,"",(N6-O6)/N6*100) -> 2.5174576 | Q6: 25.858057 | R6: 25.858057 | S6: 79.065293 | T6: 79.065293 | U6: 103.61495 | V6: 26.526184 | W6: =IF(U6=0,"",(U6-V6)/U6*100) -> 74.399269 | X6: 558.90964 | Y6: 1036.6444 | Z6: DESKTOP-B29DLEA | AA6: 03da0102db84443599ad9639110900b03519dfe1a830f8d8fc71387908b34878 | AB6: {"protocol":{"name":"KITTI_2D_Moderate_AP40","classes":["Car","Pedestrian","Cyclist"],"iou":{"Car":0.7,"Pedestrian":0.5,"Cyclist":0.5},"gt_height":">25","detection_height":">=25","max_occlusion":1,"max_truncation":0.3,"ap":"KITTI 41 slots; interpolated precision slots 1..40 averaged; percent","reference":"https://www.cvlibs.net/datasets/kitti/eval_object.php?obj_benchmark=2d"},"data_sha256":"c91bef780f3c5f703ac4ac5123bb431d1482e4aebeea1f57e581b8837d8814f4","count":1000,"imgsz":640,"device":"cpu","threads":1,"conf":0.001,"iou":0.7,"max_det":300,"warmup":50,"benchmark_repetitions":500,"rect":false,"batch":1,"seed":0,"host":"DESKTOP-B29DLEA","platform":"Windows-11-10.0.26200-SP0","processor":"Intel64 Family 6 Model 198 Stepping 2, GenuineIntel","ram_mb":33752.997888,"gpu":"NVIDIA GeForce RTX 5070 Ti Laptop GPU","cuda":"12.8","torch":"2.11.0+cu128","ultralytics":"8.4.158","numpy":"2.5.3","opencv":"5.0.0","evaluator_sha256":"f7b9b203c37a1e272b561f2c5c41fc25f9315b75a20c4b977334c5318bb0454b","backend":"onnxruntime_cpu","onnxruntime":"1.30.0","deployment_sha256":"c79b249021d0ba62ade613aa63ef3dde55bc5a34c3a50157f38092d40212b720"} | AC6: =R6-Q6 -> 0 | AD6: =IF(OR(S6="",T6=""),"",T6-S6) -> 0
A7: yolov8n_baseline_quant01_q | B7: yolov8n_baseline_quant01_q_fp32 | C7: yolov8n_baseline_quant01_q_int8 | D7: 87.235646 | E7: 83.508466 | F7: =IF(D7=0,"",E7/D7*100) -> 95.727457 | G7: =IF(D7=0,"",(D7-E7)/D7*100) -> 4.2725425 | H7: -2.4819463 | I7: -5.0985453 | J7: -3.6010486 | K7: 97.9566 | L7: 141.0541 | M7: =IF(K7=0,"",(K7-L7)/K7*100) -> -43.996525 | N7: 686.55104 | O7: 690.62656 | P7: =IF(N7=0,"",(N7-O7)/N7*100) -> -0.59362229 | Q7: 3.011433 | R7: 3.011433 | S7: 8.1938432 | T7: 8.1938432 | U7: 12.256346 | V7: 3.449667 | W7: =IF(U7=0,"",(U7-V7)/U7*100) -> 71.854034 | X7: 102.04231 | Y7: 145.29136 | Z7: DESKTOP-B29DLEA | AA7: c2440cf3cb34715a236b2da803c7db9e916fd4d6680751a78aac1e358549d6de | AB7: {"protocol":{"name":"KITTI_2D_Moderate_AP40","classes":["Car","Pedestrian","Cyclist"],"iou":{"Car":0.7,"Pedestrian":0.5,"Cyclist":0.5},"gt_height":">25","detection_height":">=25","max_occlusion":1,"max_truncation":0.3,"ap":"KITTI 41 slots; interpolated precision slots 1..40 averaged; percent","reference":"https://www.cvlibs.net/datasets/kitti/eval_object.php?obj_benchmark=2d"},"data_sha256":"c91bef780f3c5f703ac4ac5123bb431d1482e4aebeea1f57e581b8837d8814f4","count":1000,"imgsz":640,"device":"cpu","threads":1,"conf":0.001,"iou":0.7,"max_det":300,"warmup":50,"benchmark_repetitions":500,"rect":false,"batch":1,"seed":0,"host":"DESKTOP-B29DLEA","platform":"Windows-11-10.0.26200-SP0","processor":"Intel64 Family 6 Model 198 Stepping 2, GenuineIntel","ram_mb":33752.997888,"gpu":"NVIDIA GeForce RTX 5070 Ti Laptop GPU","cuda":"12.8","torch":"2.11.0+cu128","ultralytics":"8.4.158","numpy":"2.5.3","opencv":"5.0.0","evaluator_sha256":"f7b9b203c37a1e272b561f2c5c41fc25f9315b75a20c4b977334c5318bb0454b","backend":"onnxruntime_cpu","onnxruntime":"1.30.0","deployment_sha256":"c79b249021d0ba62ade613aa63ef3dde55bc5a34c3a50157f38092d40212b720"} | AC7: =R7-Q7 -> 0 | AD7: =IF(OR(S7="",T7=""),"",T7-S7) -> 0
A8: yolov8s_baseline_quant01_q | B8: yolov8s_baseline_quant01_q_fp32 | C8: yolov8s_baseline_quant01_q_int8 | D8: 91.102426 | E8: 88.247225 | F8: =IF(D8=0,"",E8/D8*100) -> 96.865943 | G8: =IF(D8=0,"",(D8-E8)/D8*100) -> 3.1340567 | H8: -2.5008446 | I8: -2.4482842 | J8: -3.6164765 | K8: 305.69385 | L8: 404.6292 | M8: =IF(K8=0,"",(K8-L8)/K8*100) -> -32.364194 | N8: 773.26336 | O8: 763.6009 | P8: =IF(N8=0,"",(N8-O8)/N8*100) -> 1.2495696 | Q8: 11.136761 | R8: 11.136761 | S8: 28.646349 | T8: 28.646349 | U8: 44.738553 | V8: 11.64753 | W8: =IF(U8=0,"",(U8-V8)/U8*100) -> 73.96534 | X8: 310.18841 | Y8: 409.93723 | Z8: DESKTOP-B29DLEA | AA8: 2268d618dd3670668b18d40a8e4261d1a1d7e7b63ca004bd681f3af5531a7a5e | AB8: {"protocol":{"name":"KITTI_2D_Moderate_AP40","classes":["Car","Pedestrian","Cyclist"],"iou":{"Car":0.7,"Pedestrian":0.5,"Cyclist":0.5},"gt_height":">25","detection_height":">=25","max_occlusion":1,"max_truncation":0.3,"ap":"KITTI 41 slots; interpolated precision slots 1..40 averaged; percent","reference":"https://www.cvlibs.net/datasets/kitti/eval_object.php?obj_benchmark=2d"},"data_sha256":"c91bef780f3c5f703ac4ac5123bb431d1482e4aebeea1f57e581b8837d8814f4","count":1000,"imgsz":640,"device":"cpu","threads":1,"conf":0.001,"iou":0.7,"max_det":300,"warmup":50,"benchmark_repetitions":500,"rect":false,"batch":1,"seed":0,"host":"DESKTOP-B29DLEA","platform":"Windows-11-10.0.26200-SP0","processor":"Intel64 Family 6 Model 198 Stepping 2, GenuineIntel","ram_mb":33752.997888,"gpu":"NVIDIA GeForce RTX 5070 Ti Laptop GPU","cuda":"12.8","torch":"2.11.0+cu128","ultralytics":"8.4.158","numpy":"2.5.3","opencv":"5.0.0","evaluator_sha256":"f7b9b203c37a1e272b561f2c5c41fc25f9315b75a20c4b977334c5318bb0454b","backend":"onnxruntime_cpu","onnxruntime":"1.30.0","deployment_sha256":"c79b249021d0ba62ade613aa63ef3dde55bc5a34c3a50157f38092d40212b720"} | AC8: =R8-Q8 -> 0 | AD8: =IF(OR(S8="",T8=""),"",T8-S8) -> 0
